<?xml version="1.0" encoding="UTF-8"?>
<project-private xmlns="http://www.netbeans.org/ns/project-private/1">
    <open-files xmlns="http://www.netbeans.org/ns/projectui-open-files/2">
        <group>
            <file>file:/C:/Users/Liam/Documents/NetBeansProjects/Conversion/src/conversion/Conversion.java</file>
            <file>file:/C:/Users/Liam/Documents/NetBeansProjects/Conversion/src/conversion/FXMLDocumentController.java</file>
            <file>file:/C:/Users/Liam/Documents/NetBeansProjects/Conversion/src/conversion/FXMLDocument.fxml</file>
        </group>
    </open-files>
</project-private>
